Name,Age,Phone Number,Track
ayo,23,0987655,jhjkk,
Name,Age,phone number
kennie,12,123456789,
Name,Age,phone number,track
kennie,12,1223456,ai dev,
Name,Age,phone number,track
kennie,12,12345678,ai dev,
Name,Age,phone number,track
Ayomide,23,07014329650,dev,
Name,Age,phone number,track
Ayo,23,08085009996,Developer,
Name,Age,phone number,track
Kennie,12,07012345678,Developer,
Name,Age,phone number,track
Ayomide,32,07012345678,Developer,
Name,Age,phone number,track
Ayomii,24,07012345678,Developer,
Name,Age,phone number,track
Boluwatife,21,09012345678,Developer,
Name,Age,phone number,track
Bolu,23,12345678909,Developer,
Name,Age,phone number,track
Bolu,21,06012345678,Dev,
Name,Age,phone number,track
Bolu,21,02012345678,Dev,
Name,Age,phone number,track
Bolu,21,06012345678,Dev,
